INSERT INTO users (id, username, email, password_hash, status)
VALUES ('11111111-1111-1111-1111-111111111111', 'alice', 'alice@example.com', 'hashed_password1', 'ACTIVE'),
       ('22222222-2222-2222-2222-222222222222', 'bob', 'bob@example.com', 'hashed_password2', 'ACTIVE'),
       ('33333333-3333-3333-3333-333333333333', 'carol', 'carol@example.com', 'hashed_password3', 'ACTIVE'),
       ('44444444-4444-4444-4444-444444444444', 'dave', 'dave@example.com', 'hashed_password4', 'ACTIVE'),
       ('55555555-5555-5555-5555-555555555555', 'eve', 'eve@example.com', 'hashed_password5', 'ACTIVE'),
       ('66666666-6666-6666-6666-666666666666', 'frank', 'frank@example.com', 'hashed_password6', 'ACTIVE'),
       ('77777777-7777-7777-7777-777777777777', 'grace', 'grace@example.com', 'hashed_password7', 'ACTIVE'),
       ('88888888-8888-8888-8888-888888888888', 'heidi', 'heidi@example.com', 'hashed_password8', 'ACTIVE'),
       ('99999999-9999-9999-9999-999999999999', 'ivan', 'ivan@example.com', 'hashed_password9', 'ACTIVE'),
       ('aaaaaaaa-aaaa-aaaa-aaaa-aaaaaaaaaaaa', 'judy', 'judy@example.com', 'hashed_password10', 'ACTIVE');

INSERT INTO user_profiles (id, user_id, full_name, bio, github_url, linkedin_url, avatar_url, is_public)
VALUES ('10101010-1010-1010-1010-101010101010', '11111111-1111-1111-1111-111111111111', 'Alice Smith', 'Bio of Alice',
        'https://github.com/alice', 'https://linkedin.com/in/alice', 'https://avatars.example.com/alice.png', TRUE),
       ('20202020-2020-2020-2020-202020202020', '22222222-2222-2222-2222-222222222222', 'Bob Johnson', 'Bio of Bob',
        'https://github.com/bob', 'https://linkedin.com/in/bob', 'https://avatars.example.com/bob.png', TRUE),
       ('30303030-3030-3030-3030-303030303030', '33333333-3333-3333-3333-333333333333', 'Carol White', 'Bio of Carol',
        'https://github.com/carol', 'https://linkedin.com/in/carol', 'https://avatars.example.com/carol.png', TRUE),
       ('40404040-4040-4040-4040-404040404040', '44444444-4444-4444-4444-444444444444', 'Dave Green', 'Bio of Dave',
        'https://github.com/dave', 'https://linkedin.com/in/dave', 'https://avatars.example.com/dave.png', TRUE),
       ('50505050-5050-5050-5050-505050505050', '55555555-5555-5555-5555-555555555555', 'Eve Black', 'Bio of Eve',
        'https://github.com/eve', 'https://linkedin.com/in/eve', 'https://avatars.example.com/eve.png', TRUE),
       ('60606060-6060-6060-6060-606060606060', '66666666-6666-6666-6666-666666666666', 'Frank Brown', 'Bio of Frank',
        'https://github.com/frank', 'https://linkedin.com/in/frank', 'https://avatars.example.com/frank.png', TRUE),
       ('70707070-7070-7070-7070-707070707070', '77777777-7777-7777-7777-777777777777', 'Grace Blue', 'Bio of Grace',
        'https://github.com/grace', 'https://linkedin.com/in/grace', 'https://avatars.example.com/grace.png', TRUE),
       ('80808080-8080-8080-8080-808080808080', '88888888-8888-8888-8888-888888888888', 'Heidi Gray', 'Bio of Heidi',
        'https://github.com/heidi', 'https://linkedin.com/in/heidi', 'https://avatars.example.com/heidi.png', TRUE),
       ('90909090-9090-9090-9090-909090909090', '99999999-9999-9999-9999-999999999999', 'Ivan Violet', 'Bio of Ivan',
        'https://github.com/ivan', 'https://linkedin.com/in/ivan', 'https://avatars.example.com/ivan.png', TRUE),
       ('a0a0a0a0-a0a0-a0a0-a0a0-a0a0a0a0a0a0', 'aaaaaaaa-aaaa-aaaa-aaaa-aaaaaaaaaaaa', 'Judy Orange', 'Bio of Judy',
        'https://github.com/judy', 'https://linkedin.com/in/judy', 'https://avatars.example.com/judy.png', TRUE);

INSERT INTO skills (id, name)
VALUES ('11111111-2222-3333-4444-555555555551', 'Java'),
       ('11111111-2222-3333-4444-555555555552', 'Python'),
       ('11111111-2222-3333-4444-555555555553', 'JavaScript'),
       ('11111111-2222-3333-4444-555555555554', 'SQL'),
       ('11111111-2222-3333-4444-555555555555', 'Docker'),
       ('11111111-2222-3333-4444-555555555556', 'Kubernetes'),
       ('11111111-2222-3333-4444-555555555557', 'Spring Boot'),
       ('11111111-2222-3333-4444-555555555558', 'React'),
       ('11111111-2222-3333-4444-555555555559', 'AWS'),
       ('11111111-2222-3333-4444-555555555560', 'Linux');

INSERT INTO user_skills (user_profile_id, skill_id)
VALUES ('10101010-1010-1010-1010-101010101010', '11111111-2222-3333-4444-555555555551'),
       ('10101010-1010-1010-1010-101010101010', '11111111-2222-3333-4444-555555555552'),
       ('20202020-2020-2020-2020-202020202020', '11111111-2222-3333-4444-555555555553'),
       ('20202020-2020-2020-2020-202020202020', '11111111-2222-3333-4444-555555555554'),
       ('30303030-3030-3030-3030-303030303030', '11111111-2222-3333-4444-555555555555'),
       ('30303030-3030-3030-3030-303030303030', '11111111-2222-3333-4444-555555555556'),
       ('40404040-4040-4040-4040-404040404040', '11111111-2222-3333-4444-555555555557'),
       ('40404040-4040-4040-4040-404040404040', '11111111-2222-3333-4444-555555555558'),
       ('50505050-5050-5050-5050-505050505050', '11111111-2222-3333-4444-555555555559'),
       ('50505050-5050-5050-5050-505050505050', '11111111-2222-3333-4444-555555555560');

INSERT INTO projects (id, owner_id, title, description, github_link)
VALUES ('aaaa1111-aaaa-aaaa-aaaa-aaaaaaaaaaa1', '11111111-1111-1111-1111-111111111111', 'Alice Project Alpha',
        'Project by Alice', 'https://github.com/alice/project-alpha'),
       ('aaaa1111-aaaa-aaaa-aaaa-aaaaaaaaaaa2', '22222222-2222-2222-2222-222222222222', 'Bob Backend',
        'Bob’s backend service', 'https://github.com/bob/backend'),
       ('aaaa1111-aaaa-aaaa-aaaa-aaaaaaaaaaa3', '33333333-3333-3333-3333-333333333333', 'Carol Frontend',
        'Frontend by Carol', 'https://github.com/carol/frontend'),
       ('aaaa1111-aaaa-aaaa-aaaa-aaaaaaaaaaa4', '44444444-4444-4444-4444-444444444444', 'Dave DevOps',
        'DevOps project by Dave', 'https://github.com/dave/devops'),
       ('aaaa1111-aaaa-aaaa-aaaa-aaaaaaaaaaa5', '55555555-5555-5555-5555-555555555555', 'Eve Mobile App',
        'Mobile app by Eve', 'https://github.com/eve/mobile-app'),
       ('aaaa1111-aaaa-aaaa-aaaa-aaaaaaaaaaa6', '66666666-6666-6666-6666-666666666666', 'Frank ML Model',
        'ML project by Frank', 'https://github.com/frank/ml-model'),
       ('aaaa1111-aaaa-aaaa-aaaa-aaaaaaaaaaa7', '77777777-7777-7777-7777-777777777777', 'Grace Open Source',
        'Open source project by Grace', 'https://github.com/grace/opensource'),
       ('aaaa1111-aaaa-aaaa-aaaa-aaaaaaaaaaa8', '88888888-8888-8888-8888-888888888888', 'Heidi API Service',
        'API by Heidi', 'https://github.com/heidi/api-service'),
       ('aaaa1111-aaaa-aaaa-aaaa-aaaaaaaaaaa9', '99999999-9999-9999-9999-999999999999', 'Ivan Cloud Setup',
        'Cloud setup by Ivan', 'https://github.com/ivan/cloud-setup'),
       ('aaaa1111-aaaa-aaaa-aaaa-aaaaaaaaaa10', 'aaaaaaaa-aaaa-aaaa-aaaa-aaaaaaaaaaaa', 'Judy Database',
        'Database project by Judy', 'https://github.com/judy/database');

INSERT INTO project_tags (id, name)
VALUES ('bbbb1111-bbbb-bbbb-bbbb-bbbbbbbbbbb1', 'Web'),
       ('bbbb1111-bbbb-bbbb-bbbb-bbbbbbbbbbb2', 'Backend'),
       ('bbbb1111-bbbb-bbbb-bbbb-bbbbbbbbbbb3', 'Frontend'),
       ('bbbb1111-bbbb-bbbb-bbbb-bbbbbbbbbbb4', 'DevOps'),
       ('bbbb1111-bbbb-bbbb-bbbb-bbbbbbbbbbb5', 'Mobile'),
       ('bbbb1111-bbbb-bbbb-bbbb-bbbbbbbbbbb6', 'ML'),
       ('bbbb1111-bbbb-bbbb-bbbb-bbbbbbbbbbb7', 'Open Source'),
       ('bbbb1111-bbbb-bbbb-bbbb-bbbbbbbbbbb8', 'API'),
       ('bbbb1111-bbbb-bbbb-bbbb-bbbbbbbbbbb9', 'Cloud'),
       ('bbbb1111-bbbb-bbbb-bbbb-bbbbbbbbbbb0', 'Database');

INSERT INTO project_tag_mapping (project_id, tag_id)
VALUES ('aaaa1111-aaaa-aaaa-aaaa-aaaaaaaaaaa1', 'bbbb1111-bbbb-bbbb-bbbb-bbbbbbbbbbb1'),
       ('aaaa1111-aaaa-aaaa-aaaa-aaaaaaaaaaa1', 'bbbb1111-bbbb-bbbb-bbbb-bbbbbbbbbbb2'),
       ('aaaa1111-aaaa-aaaa-aaaa-aaaaaaaaaaa2', 'bbbb1111-bbbb-bbbb-bbbb-bbbbbbbbbbb2'),
       ('aaaa1111-aaaa-aaaa-aaaa-aaaaaaaaaaa2', 'bbbb1111-bbbb-bbbb-bbbb-bbbbbbbbbbb8'),
       ('aaaa1111-aaaa-aaaa-aaaa-aaaaaaaaaaa3', 'bbbb1111-bbbb-bbbb-bbbb-bbbbbbbbbbb3'),
       ('aaaa1111-aaaa-aaaa-aaaa-aaaaaaaaaaa3', 'bbbb1111-bbbb-bbbb-bbbb-bbbbbbbbbbb7'),
       ('aaaa1111-aaaa-aaaa-aaaa-aaaaaaaaaaa4', 'bbbb1111-bbbb-bbbb-bbbb-bbbbbbbbbbb4'),
       ('aaaa1111-aaaa-aaaa-aaaa-aaaaaaaaaaa4', 'bbbb1111-bbbb-bbbb-bbbb-bbbbbbbbbbb9'),
       ('aaaa1111-aaaa-aaaa-aaaa-aaaaaaaaaaa5', 'bbbb1111-bbbb-bbbb-bbbb-bbbbbbbbbbb5'),
       ('aaaa1111-aaaa-aaaa-aaaa-aaaaaaaaaaa5', 'bbbb1111-bbbb-bbbb-bbbb-bbbbbbbbbbb1'),
       ('aaaa1111-aaaa-aaaa-aaaa-aaaaaaaaaaa6', 'bbbb1111-bbbb-bbbb-bbbb-bbbbbbbbbbb6'),
       ('aaaa1111-aaaa-aaaa-aaaa-aaaaaaaaaaa6', 'bbbb1111-bbbb-bbbb-bbbb-bbbbbbbbbbb7'),
       ('aaaa1111-aaaa-aaaa-aaaa-aaaaaaaaaaa7', 'bbbb1111-bbbb-bbbb-bbbb-bbbbbbbbbbb7'),
       ('aaaa1111-aaaa-aaaa-aaaa-aaaaaaaaaaa7', 'bbbb1111-bbbb-bbbb-bbbb-bbbbbbbbbbb1'),
       ('aaaa1111-aaaa-aaaa-aaaa-aaaaaaaaaaa8', 'bbbb1111-bbbb-bbbb-bbbb-bbbbbbbbbbb8'),
       ('aaaa1111-aaaa-aaaa-aaaa-aaaaaaaaaaa8', 'bbbb1111-bbbb-bbbb-bbbb-bbbbbbbbbbb2'),
       ('aaaa1111-aaaa-aaaa-aaaa-aaaaaaaaaaa9', 'bbbb1111-bbbb-bbbb-bbbb-bbbbbbbbbbb9'),
       ('aaaa1111-aaaa-aaaa-aaaa-aaaaaaaaaaa9', 'bbbb1111-bbbb-bbbb-bbbb-bbbbbbbbbbb0'),
       ('aaaa1111-aaaa-aaaa-aaaa-aaaaaaaaaa10', 'bbbb1111-bbbb-bbbb-bbbb-bbbbbbbbbbb0'),
       ('aaaa1111-aaaa-aaaa-aaaa-aaaaaaaaaa10', 'bbbb1111-bbbb-bbbb-bbbb-bbbbbbbbbbb1');

INSERT INTO collaboration_requests (id, project_id, requester_id, status)
VALUES ('00000000-0000-0000-0000-000000000001', 'aaaa1111-aaaa-aaaa-aaaa-aaaaaaaaaaa1',
        '22222222-2222-2222-2222-222222222222', 'PENDING'),
       ('00000000-0000-0000-0000-000000000002', 'aaaa1111-aaaa-aaaa-aaaa-aaaaaaaaaaa2',
        '33333333-3333-3333-3333-333333333333', 'PENDING'),
       ('00000000-0000-0000-0000-000000000003', 'aaaa1111-aaaa-aaaa-aaaa-aaaaaaaaaaa3',
        '44444444-4444-4444-4444-444444444444', 'PENDING'),
       ('00000000-0000-0000-0000-000000000004', 'aaaa1111-aaaa-aaaa-aaaa-aaaaaaaaaaa4',
        '55555555-5555-5555-5555-555555555555', 'PENDING'),
       ('00000000-0000-0000-0000-000000000005', 'aaaa1111-aaaa-aaaa-aaaa-aaaaaaaaaaa5',
        '66666666-6666-6666-6666-666666666666', 'PENDING'),
       ('00000000-0000-0000-0000-000000000006', 'aaaa1111-aaaa-aaaa-aaaa-aaaaaaaaaaa6',
        '77777777-7777-7777-7777-777777777777', 'PENDING'),
       ('00000000-0000-0000-0000-000000000007', 'aaaa1111-aaaa-aaaa-aaaa-aaaaaaaaaaa7',
        '88888888-8888-8888-8888-888888888888', 'PENDING'),
       ('00000000-0000-0000-0000-000000000008', 'aaaa1111-aaaa-aaaa-aaaa-aaaaaaaaaaa8',
        '99999999-9999-9999-9999-999999999999', 'PENDING'),
       ('00000000-0000-0000-0000-000000000009', 'aaaa1111-aaaa-aaaa-aaaa-aaaaaaaaaaa9',
        'aaaaaaaa-aaaa-aaaa-aaaa-aaaaaaaaaaaa', 'PENDING'),
       ('00000000-0000-0000-0000-00000000000A', 'aaaa1111-aaaa-aaaa-aaaa-aaaaaaaaaa10',
        '11111111-1111-1111-1111-111111111111', 'PENDING');

INSERT INTO messages (id, sender_id, receiver_id, content, is_read)
VALUES ('00000000-0000-0000-0000-100000000001', '11111111-1111-1111-1111-111111111111',
        '22222222-2222-2222-2222-222222222222', 'Hello Bob, this is Alice.', FALSE),
       ('00000000-0000-0000-0000-100000000002', '22222222-2222-2222-2222-222222222222',
        '11111111-1111-1111-1111-111111111111', 'Hi Alice! How are you?', TRUE),
       ('00000000-0000-0000-0000-100000000003', '33333333-3333-3333-3333-333333333333',
        '44444444-4444-4444-4444-444444444444', 'Hey Dave, check this out.', FALSE),
       ('00000000-0000-0000-0000-100000000004', '44444444-4444-4444-4444-444444444444',
        '33333333-3333-3333-3333-333333333333', 'Thanks Carol! Will do.', TRUE),
       ('00000000-0000-0000-0000-100000000005', '55555555-5555-5555-5555-555555555555',
        '66666666-6666-6666-6666-666666666666', 'Hi Frank, project update?', FALSE),
       ('00000000-0000-0000-0000-100000000006', '66666666-6666-6666-6666-666666666666',
        '55555555-5555-5555-5555-555555555555', 'Eve, all good on my side.', TRUE),
       ('00000000-0000-0000-0000-100000000007', '77777777-7777-7777-7777-777777777777',
        '88888888-8888-8888-8888-888888888888', 'Grace here, let’s meet.', FALSE),
       ('00000000-0000-0000-0000-100000000008', '88888888-8888-8888-8888-888888888888',
        '77777777-7777-7777-7777-777777777777', 'Sure Heidi, see you.', TRUE),
       ('00000000-0000-0000-0000-100000000009', '99999999-9999-9999-9999-999999999999',
        'aaaaaaaa-aaaa-aaaa-aaaa-aaaaaaaaaaaa', 'Ivan, can you review?', FALSE),
       ('00000000-0000-0000-0000-10000000000A', 'aaaaaaaa-aaaa-aaaa-aaaa-aaaaaaaaaaaa',
        '99999999-9999-9999-9999-999999999999', 'Reviewed, looks good Judy.', TRUE);

INSERT INTO password_reset_tokens (token, user_id, expiry_date)
VALUES ('token-alice-0001', '11111111-1111-1111-1111-111111111111', NOW() + INTERVAL '24 hours'),
       ('token-bob-0002', '22222222-2222-2222-2222-222222222222', NOW() + INTERVAL '24 hours'),
       ('token-carol-0003', '33333333-3333-3333-3333-333333333333', NOW() + INTERVAL '24 hours'),
       ('token-dave-0004', '44444444-4444-4444-4444-444444444444', NOW() + INTERVAL '24 hours'),
       ('token-eve-0005', '55555555-5555-5555-5555-555555555555', NOW() + INTERVAL '24 hours'),
       ('token-frank-0006', '66666666-6666-6666-6666-666666666666', NOW() + INTERVAL '24 hours'),
       ('token-grace-0007', '77777777-7777-7777-7777-777777777777', NOW() + INTERVAL '24 hours'),
       ('token-heidi-0008', '88888888-8888-8888-8888-888888888888', NOW() + INTERVAL '24 hours'),
       ('token-ivan-0009', '99999999-9999-9999-9999-999999999999', NOW() + INTERVAL '24 hours'),
       ('token-judy-0010', 'aaaaaaaa-aaaa-aaaa-aaaa-aaaaaaaaaaaa', NOW() + INTERVAL '24 hours');
